<openerp>
	<data>

	    <!-- context menu More.. di tree PO -->
	    <record id="action_export_myob" model="ir.actions.server">
	        <field name="name">Export to MYOB</field>
	        <field name="condition">True</field>
	        <field name="model_id" ref="model_purchase_order"/>
	        <field name="state">code</field>
	        <field name="code">action = pool.get('purchase.order').action_export_myob(cr, uid, context)</field>
	    </record>

	    <record id="ir_export_myob_wizard" model="ir.values">
	        <field eval="'client_action_multi'" name="key2"/>
	        <field eval="'purchase.order'" name="model"/>
	        <field name="name">Export to MYOB</field>
	        <field eval="'ir.actions.server,%d'%action_export_myob" name="value"/>
	    </record>
		
	</data>
</openerp>
