<?xml version="1.0" encoding="UTF-8"?>
<openerp>
	<data>
		<!-- UP -->
		<record id="seq_type_sup" model="ir.sequence.type">
			<field name="name">Surat UP Type</field>
			<field name="code">anggaran.sup</field>
		</record>	
		
		<record id="seq_sup" model="ir.sequence">
			<field name="name">Surat UP</field>
			<field name="code">anggaran.sup</field>
			<field name="prefix">UP/%(year)s/%(month)s/</field>
			<field name="padding">3</field>
			<field name="next_number_actual">1</field>
			<field name="number_increment">1</field>
			<field name="implementation">standard</field>
		</record>	
		
		<!-- SPP -->
		<record id="seq_type_spp" model="ir.sequence.type">
			<field name="name">Surat SPP Type</field>
			<field name="code">anggaran.spp</field>
		</record>	
		
		<record id="seq_spp" model="ir.sequence">
			<field name="name">Surat SPP</field>
			<field name="code">anggaran.spp</field>
			<field name="prefix">SPP/%(year)s/%(month)s/</field>
			<field name="padding">3</field>
			<field name="next_number_actual">1</field>
			<field name="number_increment">1</field>
			<field name="implementation">standard</field>
		</record>

		<!-- SPM -->
		<record id="seq_type_spm" model="ir.sequence.type">
			<field name="name">Surat SPM Type</field>
			<field name="code">anggaran.spm</field>
		</record>	
		
		<record id="seq_spm" model="ir.sequence">
			<field name="name">Surat SPM</field>
			<field name="code">anggaran.spm</field>
			<field name="prefix">SPM/%(year)s/%(month)s/</field>
			<field name="padding">3</field>
			<field name="next_number_actual">1</field>
			<field name="number_increment">1</field>
			<field name="implementation">standard</field>
		</record>	

		<!-- SPTB -->
		<record id="seq_type_sptb" model="ir.sequence.type">
			<field name="name">Surat SPTB Type</field>
			<field name="code">anggaran.sptb</field>
		</record>	
		
		<record id="seq_sptb" model="ir.sequence">
			<field name="name">Surat SPTB</field>
			<field name="code">anggaran.sptb</field>
			<field name="prefix">SPTB/%(year)s/%(month)s/</field>
			<field name="padding">3</field>
			<field name="next_number_actual">1</field>
			<field name="number_increment">1</field>
			<field name="implementation">standard</field>
		</record>

		<!-- Kas -->
		<record id="seq_type_kas_in" model="ir.sequence.type">
			<field name="name">Bukti Kas Masuk Type</field>
			<field name="code">anggaran.kas.in</field>
		</record>	
		
		<record id="seq_kas_in" model="ir.sequence">
			<field name="name">Bukti Kas Masuk</field>
			<field name="code">anggaran.kas.in</field>
			<field name="prefix">KM/%(year)s/%(month)s/</field>
			<field name="padding">3</field>
			<field name="next_number_actual">1</field>
			<field name="number_increment">1</field>
			<field name="implementation">standard</field>
		</record>
		
		<record id="seq_type_kas_out" model="ir.sequence.type">
			<field name="name">Bukti Kas Keluar Type</field>
			<field name="code">anggaran.kas.out</field>
		</record>	
		
		<record id="seq_kas_out" model="ir.sequence">
			<field name="name">Bukti Kas Keluar</field>
			<field name="code">anggaran.kas.out</field>
			<field name="prefix">KK/%(year)s/%(month)s/</field>
			<field name="padding">3</field>
			<field name="next_number_actual">1</field>
			<field name="number_increment">1</field>
			<field name="implementation">standard</field>
		</record>

		<!-- Biaya -->
		<record id="seq_type_biaya" model="ir.sequence.type">
			<field name="name">Biaya Type</field>
			<field name="code">anggaran.biaya</field>
		</record>	
		
		<record id="seq_biaya" model="ir.sequence">
			<field name="name">Biaya</field>
			<field name="code">anggaran.biaya</field>
			<field name="prefix">BI/%(year)s/%(month)s/</field>
			<field name="padding">3</field>
			<field name="next_number_actual">1</field>
			<field name="number_increment">1</field>
			<field name="implementation">standard</field>
		</record>

		<!-- Cashflow -->
		<record id="seq_type_cashflow" model="ir.sequence.type">
			<field name="name">Cashflow Type</field>
			<field name="code">anggaran.cashflow</field>
		</record>	
		
		<record id="seq_cashflow" model="ir.sequence">
			<field name="name">Cashflow</field>
			<field name="code">anggaran.cashflow</field>
			<field name="prefix">CF/%(year)s/%(month)s/</field>
			<field name="padding">3</field>
			<field name="next_number_actual">1</field>
			<field name="number_increment">1</field>
			<field name="implementation">standard</field>
		</record>
		
		<!-- Investasi -->
		<record id="seq_type_investasi" model="ir.sequence.type">
			<field name="name">Investasi Type</field>
			<field name="code">anggaran.investasi</field>
		</record>	
		
		<record id="seq_investasi" model="ir.sequence">
			<field name="name">Investasi</field>
			<field name="code">anggaran.investasi</field>
			<field name="prefix">INV/%(year)s/%(month)s/</field>
			<field name="padding">3</field>
			<field name="next_number_actual">1</field>
			<field name="number_increment">1</field>
			<field name="implementation">standard</field>
		</record>		
	</data>
</openerp>