<?xml version="1.0" encoding="utf-8"?>
<!-- © 2017 - Ignacio Ibeas - Acysos S.L.
     License AGPL-3.0 or later (http://www.gnu.org/licenses/agpl). -->
<odoo>

    <!-- Plantillas de los planes contables - Asignación del resto de valores -->

    <record id="account_chart_template_coop_pyme" model="account.chart.template">
        <field name="property_account_receivable_id" ref="l10n_es.pgc_4300_child"/>
        <field name="property_account_payable_id" ref="l10n_es.pgc_4100_child"/>
        <field name="property_account_expense_categ_id" ref="l10n_es.pgc_600_child"/>
        <field name="property_account_income_categ_id" ref="l10n_es.pgc_7000_child"/>
        <field name="income_currency_exchange_account_id" ref="l10n_es.pgc_768_child"/>
        <field name="expense_currency_exchange_account_id" ref="l10n_es.pgc_668_child"/>
    </record>

    <record id="account_chart_template_coop_full" model="account.chart.template">
        <field name="property_account_receivable_id" ref="l10n_es.pgc_4300_child"/>
        <field name="property_account_payable_id" ref="l10n_es.pgc_4100_child"/>
        <field name="property_account_expense_categ_id" ref="l10n_es.pgc_600_child"/>
        <field name="property_account_income_categ_id" ref="l10n_es.pgc_7000_child"/>
        <field name="income_currency_exchange_account_id" ref="l10n_es.pgc_768_child"/>
        <field name="expense_currency_exchange_account_id" ref="l10n_es.pgc_668_child"/>
    </record>

</odoo>
