id,name,model_id:id,group_id:id,perm_read,perm_write,perm_create,perm_unlink
account.access_account_payment_method,Read access on account.payment.method to Employees,account.model_account_payment_method,base.group_user,1,0,0,0
access_account_payment_method_full,Full access on account.payment.method to Financial Manager,account.model_account_payment_method,account.group_account_manager,1,1,1,1
access_account_payment_mode_read,Read access on account.payment.mode to Employees,model_account_payment_mode,base.group_user,1,0,0,0
access_account_payment_mode_full,Full access on account.payment.mode to Financial Manager,model_account_payment_mode,account.group_account_manager,1,1,1,1
