<?xml version="1.0" encoding="utf-8"?>
<odoo>
   <data noupdate="0">
    	 
    	 <record forcecreate="True" id="ir_cron_scheduler_overtime" model="ir.cron">
	         <field name="name">Run Overtime Scheduler</field>
	         <field eval="True" name="active"/>
	         <field name="interval_number">1</field>
	         <field name="interval_type">days</field>
	         <field name="numbercall">-1</field>
	         <field name="doall" eval="False"/>
	         <field name="model" eval="'bt.hr.overtime'"/>
	         <field name="function" eval="'run_overtime_scheduler'" />
        </record>
    
    </data>
</odoo>