id,name,model_id:id,group_id:id,perm_read,perm_write,perm_create,perm_unlink
access_account_fiscalyear,account.fiscalyear,model_account_fiscalyear,account.group_account_manager,1,1,1,1
access_account_fiscalyear_invoice,account.fiscalyear.invoice,model_account_fiscalyear,account.group_account_invoice,1,0,0,0
access_account_fiscalyear_partner_manager,account.fiscalyear.partnermanager,model_account_fiscalyear,base.group_partner_manager,1,0,0,0
access_account_fiscalyear_employee,account.fiscalyear employee,model_account_fiscalyear,base.group_user,1,0,0,0
access_account_period_manager,account.period,model_account_period,account.group_account_manager,1,1,1,1
access_account_period_invoice,account.period invoice,model_account_period,account.group_account_invoice,1,0,0,0
