<?xml version='1.0' encoding='UTF-8'?>
<data>
    <record model="account.hierarchy.label" id="level_4_code_1002">
        <field name="name">Capital social cooperativo: socios colaboradores y asociados o adheridos</field>
        <field name="code">1002</field>
        <field name="level">4</field>
    </record>
    <record model="account.hierarchy.label" id="level_4_code_1145">
        <field name="name">Fondo de reembolso o actualizacion</field>
        <field name="code">1145</field>
        <field name="level">4</field>
    </record>
    <record model="account.hierarchy.label" id="level_3_code_107">
        <field name="name">Fondo de participaciones y otros fondos subordinados con vencimiento en la liquidación</field>
        <field name="code">107</field>
        <field name="level">3</field>
    </record>
    <record model="account.hierarchy.label" id="level_4_code_1502">
        <field name="name">Capital Social Cooperativo a largo plazo considerado pasivo financiero: socios colaboradores y asociados o adheridos</field>
        <field name="code">1502</field>
        <field name="level">4</field>
    </record>
    <record model="account.hierarchy.label" id="level_3_code_757">
        <field name="name">Ingresos imputables al Fondo de Educación, Formación y Promoción</field>
        <field name="code">757</field>
        <field name="level">3</field>
    </record>
</data>
