<openerp>
	<data>


		 <menuitem id="hr_menus" sequence="100" name="Human Resources"  web_icon="hr,static/description/icon.png" groups="group_show_hr_menu"   />
         <menuitem id="hr.menu_hr_root" parent="hr_menus" sequence="0"  name="Employees"   />
        <menuitem id="hr_payroll.menu_hr_payroll_root" parent="hr_menus" sequence="1" name="Payroll"    />
        <menuitem id="hr_expense.menu_hr_expense_root" parent="hr_menus" sequence="2"  name="Expenses"   />
        <menuitem id="hr_attendance.timesheet_menu_root" parent="hr_menus" sequence="3" name="Time Sheet"   />
        <menuitem id="hr_attendance.menu_hr_attendance_root" parent="hr_menus" sequence="4" name="Attendance"     />
        <menuitem id="hr_holidays.menu_hr_holidays_root" parent="hr_menus" sequence="5" name="Holidays"    />

    </data>
</openerp>