<?xml version="1.0" encoding="utf-8"?>
<!--
  © 2015-2017 Akretion (http://www.akretion.com/)
  @author: Alexis de Lattre <alexis.delattre@akretion.com>
  License AGPL-3.0 or later (http://www.gnu.org/licenses/agpl).
-->

<odoo>

<record id="view_invoice_line_form" model="ir.ui.view">
    <field name="name">margin.account.invoice.line.form</field>
    <field name="model">account.invoice.line</field>
    <field name="inherit_id" ref="account.view_invoice_line_form"/>
    <field name="arch" type="xml">
        <field name="company_id" position="after">
            <field name="standard_price_company_currency"
                groups="base.group_no_one"/>
            <field name="standard_price_invoice_currency"
                widget="monetary"
                options="{'currency_field': 'currency_id'}"
                groups="base.group_no_one"/>
            <field name="margin_invoice_currency"
                groups="base.group_no_one"/>
            <field name="margin_company_currency"
                groups="base.group_no_one"/>
            <label for="margin_rate" groups="base.group_no_one"/>
            <div name="margin_rate" groups="base.group_no_one">
                <field name="margin_rate" class="oe_inline"/> %
            </div>
        </field>
    </field>
</record>

<record id="invoice_form" model="ir.ui.view">
    <field name="name">margin.account.invoice.form</field>
    <field name="model">account.invoice</field>
    <field name="inherit_id" ref="account.invoice_form"/>
    <field name="arch" type="xml">
        <field name="move_id" position="after">
            <field name="margin_invoice_currency"
                string="Margin" groups="base.group_no_one"/>
            <field name="margin_company_currency"
                groups="base.group_no_one"/>
        </field>
    </field>
</record>


</odoo>
