<?xml version="1.0" encoding="utf-8"?>
<odoo>
    <record id="group_analytic_account_see_all" model="res.groups">
        <field name="name">Can see All Analytic Accounts</field>
        <field name="category_id" ref="base.module_category_hidden"/>
        <field name="implied_ids" eval="[(4, ref('analytic.group_analytic_accounting'))]" />
    </record>
    <record id="group_analytic_account_manager" model="res.groups">
        <field name="name">Analytic Account Manager</field>
        <field name="category_id" ref="base.module_category_hidden"/>
        <field name="implied_ids" eval="[(4, ref('group_analytic_account_see_all'))]" />
    </record>
</odoo>
