<odoo>
  <data> 

    <record id="group_store_keeper" model="res.groups">
    <field name="name">Store Keeper</field>
    </record>


    <record id="group_waseem_custom_group" model="res.groups">   
       <field name="name">Waseem Custom</field>
    </record>

<!-- This filters the locations and only displays each storekeeper/projectManager location
    <record id="id_pm_location_rule" model="ir.rule">
    <field name="model_id" ref="stock.model_stock_location" />
    <field name="name">ProjectManager</field>
    <field name="domain_force">[('partner_id','=',user.partner_id.id)]</field>
    <field name="groups" eval="[(4,ref('purchase_request.group_purchase_request_user'))]"/>
    <field name="perm_read" eval="1"/>
    <field name="perm_write" eval="0"/>
    <field name="perm_create" eval="0"/>
    <field name="perm_unlink" eval="0" />
    
    </record>


    <record id="id_storekeeper_location_rule" model="ir.rule">
    <field name="model_id" ref="stock.model_stock_location" />
    <field name="name">storekeepers_location</field>
    <field name="domain_force">[('store_keeper','=',user.id)]</field>
    <field name="groups" eval="[(4,ref('group_store_keeper'))]"/>
     <field name="perm_read" eval="1"/>
    <field name="perm_write" eval="0"/>
    <field name="perm_create" eval="0"/>
    <field name="perm_unlink" eval="0" />
    </record>
-->

    <record id="id_storekeeper_rule" model="ir.rule">
    <field name="model_id" ref="model_internal_transfer_request" />
    <field name="name">storekeepers</field>
    <field name="domain_force">[('request_location.store_keeper.id','=',user.id)]</field>
     <field name="global" eval="True"/>  
    <field name="groups" eval="[(4,ref('group_store_keeper'))]"/>
    </record>

    
    <!--<record id="id_sender_pm" model="ir.rule">
    <field name="model_id" ref="stock.model_stock_picking" />
    <field name="name">releasing_location_pm</field>
    <field name="domain_force">['|',('location_id.partner_id.id','=', user.partner_id.id),('location_dest_id.partner_id.id','=', user.partner_id.id)]</field>  
    <field name="groups" eval="[(4,ref('purchase_request.group_purchase_request_user'))]"/>
    </record>-->

    <record id="id_procurement_officer" model="ir.rule">
    <field name="model_id" ref="stock.model_stock_picking" />
    <field name="name">releasing_location_procurement</field>
    <field name="domain_force">[(1,'=',1)]</field>
    <field name="groups" eval="[(4,ref('purchase_request.group_purchase_request_officer'))]"/>
    </record>


    <record id="id_store_keeper" model="ir.rule">
    <field name="model_id" ref="stock.model_stock_picking" />
    <field name="name">releasing_location_storekeeper</field>
    <field name="domain_force">['|',('location_id.store_keeper.partner_id.id', '=', user.partner_id.id), ('location_dest_id.store_keeper.partner_id.id','=', user.partner_id.id)]</field>
    <field name="groups" eval="[(4,ref('group_store_keeper'))]"/>
    </record>

    <record id="id_assigned_stock_manager" model="ir.rule">
    <field name="model_id" ref="model_internal_transfer_request" />
    <field name="name">manager_assigned</field>
    <field name="domain_force">[('assigned_to.id','=', user.id)]</field>
    <field name="groups" eval="[(4,ref('stock.group_stock_manager'))]"/>
    </record>




   <record id="id____a" model="ir.rule">
    <field name="model_id" ref="model_internal_transfer_request" />
    <field name="name">Approvers</field>
    <field name="domain_force">[(1,'=',1)]</field>
    <field name="groups" eval="[(4,ref('stock.group_stock_manager'))]"/>
    </record>



  <!--<record id="rule_id" model="ir.rule">
    <field name="name">Project Managers</field>
    <field name="model_id" ref="model_internal_transfer_request"/>
    <field name="domain_force">[('requested_by.id','=',user.id)]</field>    
    <field name="groups" eval="[(4,ref('purchase_request.group_purchase_request_user'))]"/>
    </record>-->


    <record id="id_model2" model="ir.rule">
    <field name="model_id" ref="model_internal_transfer_request_line" />
    <field name="name">Approver</field>
    <field name="domain_force">[(1,'=',1)]</field>
    <field name="groups" eval="[(4,ref('stock.group_stock_manager'))]"/>
    </record>


 
<!--    <record id="rule_id_model2" model="ir.rule">
    <field name="name">Project Manager</field>
    <field name="model_id" ref="model_internal_transfer_request_line"/>
    <field name="domain_force">[('requested_by.id','=',user.id)]</field>
    <field name="groups" eval="[(4,ref('purchase_request.group_purchase_request_user'))]"/>
    </record>-->

  </data>
</odoo>
